"query","search interest","increase percent"
"olivenöl kollagen creme",2,"Breakout"
"doppelherz kollagen 11000 plus",2,"Breakout"
"doppelherz system kollagen 11.000 plus",1,"Breakout"
"liposomales kollagen",0,"Breakout"
"kollagen kapseln testsieger stiftung warentest",0,"Breakout"
"doppelherz kollagen 11.000 plus",3,"850 %"
"olivenöl kollagen",6,"600 %"
"kollagen 11000 plus doppelherz",1,"400 %"
"kollagen doppelherz 11000",3,"350 %"
"kollagen 11000 plus",3,"250 %"
"doppelherz kollagen 11.000 plus rossmann",1,"180 %"
"kollagen 11000 doppelherz",3,"160 %"
"kollagen kapseln testsieger",1,"70 %"
"mivolis kollagen",4,"60 %"
"kollagen pulver dm test",1,"60 %"
"kreatin",4,"50 %"
"testsieger kollagen pulver",4,"50 %"
"kollagen doppelherz",18,"40 %"
"kollagen dm test",2,"40 %"
"doppelherz kollagen",17,"30 %"
"jarmino",1,"30 %"
"glow 25 kollagen pulver",6,"30 %"
"unaya kollagen",1,"30 %"
"kollagen hydrolysat pulver",1,"20 %"
"glow 25 kollagen plus",1,"20 %"
"mivolis kollagen pulver",2,"20 %"
"sheko kollagen pulver",3,"20 %"
"kollagen für haare",2,"20 %"
"kollagen pulver glow",11,"10 %"
"gelencium hyaluron kollagen",1,"10 %"
"wofür ist kollagen pulver gut",1,"10 %"
"kollagen pulver testsieger",3,"10 %"
"kollagen typen",2,"10 %"
"glow kollagen pulver",10,"10 %"
"jarmino kollagen",1,"10 %"
"hilft kollagen bei arthrose",1,"10 %"
"kollagen hydrolysat",5,"10 %"
"kollagen in lebensmitteln",1,"9 %"
"glow",24,"8 %"
"kollagenpulver test",1,"8 %"
"glow 25",12,"8 %"
"kollagen trinkampullen",1,"7 %"
"glow 25 kollagen",12,"7 %"
"stiftung warentest kollagen pulver",3,"6 %"
"kollagen glow 25",12,"5 %"
"esn kollagen",4,"4 %"
"kollagen glow",23,"3 %"
"kollagen was ist das",5,"3 %"
"sheko kollagen",7,"3 %"
"glow kollagen",23,"2 %"